;2015;2016;2017;2018;2019;2020;2021;2022;2023;2024;2025
Ingresos;74989000000,0;90272000000,0;110855000000,0;0,0;0,0;182527000000,0;257637000000,0;0,0;0,0;0,0;402836000000,0
Ingresos financieros;0,0;0,0;0,0;0,0;0,0;0,0;0,0;0,0;0,0;0,0;0,0
Ingresos de la division de seguros;0,0;0,0;0,0;0,0;0,0;0,0;0,0;0,0;0,0;0,0;0,0
Ganancia (perdida) en la venta de activos (Rev);0,0;0,0;0,0;0,0;0,0;0,0;0,0;0,0;0,0;0,0;0,0
Ganancia (perdida) en venta de inversion (Rev);0,0;0,0;0,0;0,0;0,0;0,0;0,0;0,0;0,0;0,0;0,0
Intereses e ingresos de inversiones;0,0;0,0;0,0;0,0;0,0;0,0;0,0;0,0;0,0;0,0;0,0
Otros ingresos;291000000,0;434000000,0;1047000000,0;8592000000,0;5394000000,0;6858000000,0;12020000000,0;-3514000000,0;1424000000,0;7425000000,0;29787000000,0
Ingresos totales;74989000000,0;90272000000,0;110855000000,0;136819000000,0;161857000000,0;182527000000,0;257637000000,0;282836000000,0;307394000000,0;350018000000,0;402836000000,0
Coste de los bienes vendidos;28164000000,0;35138000000,0;45583000000,0;59549000000,0;71896000000,0;84732000000,0;110939000000,0;126203000000,0;133332000000,0;146306000000,0;162535000000,0
Gastos financieros operativos;0,0;0,0;0,0;0,0;0,0;0,0;0,0;0,0;0,0;0,0;0,0
Gastos operativos de la division de seguros;0,0;0,0;0,0;0,0;0,0;0,0;0,0;0,0;0,0;0,0;0,0
Gastos por intereses - Division de finanzas;104000000,0;124000000,0;109000000,0;114000000,0;100000000,0;135000000,0;346000000,0;357000000,0;308000000,0;0,0;0,0
Beneficio bruto;46825000000,0;55134000000,0;65272000000,0;77270000000,0;89961000000,0;97795000000,0;146698000000,0;156633000000,0;174062000000,0;203712000000,0;240301000000,0
Gastos de venta generales y administrativos;9047000000,0;10485000000,0;12893000000,0;16333000000,0;18464000000,0;17946000000,0;22912000000,0;26567000000,0;27917000000,0;27808000000,0;28693000000,0
Gastos de exploracion / perforacion;0,0;0,0;0,0;0,0;0,0;0,0;0,0;0,0;0,0;0,0;0,0
Provision para deudas incobrables;0,0;0,0;0,0;0,0;0,0;0,0;0,0;0,0;0,0;0,0;0,0
Gastos de pre-apertura;0,0;0,0;0,0;0,0;0,0;0,0;0,0;0,0;0,0;0,0;0,0
Gastos de I + D;12282000000,0;13948000000,0;16625000000,0;21419000000,0;26018000000,0;27573000000,0;31562000000,0;39500000000,0;45427000000,0;49326000000,0;61087000000,0
Deterioro del petroleo, gas y propiedades minerales;0,0;0,0;0,0;0,0;0,0;0,0;0,0;0,0;0,0;0,0;0,0
Otros gastos operacionales;0,0;0,0;0,0;0,0;0,0;0,0;0,0;0,0;0,0;0,0;0,0
Gastos operativos totales;55629000000,0;66556000000,0;84709000000,0;110498000000,0;127626000000,0;141303000000,0;178923000000,0;207994000000,0;223101000000,0;237628000000,0;273797000000,0
Beneficio operativo;19360000000,0;23716000000,0;26146000000,0;26321000000,0;34231000000,0;41224000000,0;78714000000,0;74842000000,0;84293000000,0;112390000000,0;129039000000,0
Gastos por intereses;104000000,0;124000000,0;109000000,0;114000000,0;100000000,0;135000000,0;346000000,0;357000000,0;308000000,0;0,0;0,0
Ingresos por intereses e inversiones;0,0;0,0;0,0;0,0;0,0;0,0;0,0;0,0;0,0;0,0;0,0
Ingresos (perdidas) sobre capital invertido.;-227000000,0;-202000000,0;-156000000,0;0,0;0,0;0,0;0,0;0,0;0,0;0,0;0,0
Ganancias (perdidas) cambiarias;-422000000,0;-475000000,0;-121000000,0;-80000000,0;103000000,0;-344000000,0;-240000000,0;-654000000,0;-1238000000,0;-409000000,0;-382000000,0
Otros ingresos (gastos) no operativos;152000000,0;88000000,0;159000000,0;378000000,0;102000000,0;-637000000,0;411000000,0;381000000,0;299000000,0;919000000,0;1667000000,0
EBT excl. Articulos inusuales;19651000000,0;24150000000,0;27193000000,0;34913000000,0;39625000000,0;48082000000,0;0,0;0,0;0,0;0,0;0,0
Cargos de fusion y reestructuracion;0,0;0,0;0,0;0,0;0,0;0,0;0,0;0,0;3933000000,0;0,0;0,0
Deterioro del fondo de comercio;0,0;0,0;0,0;0,0;0,0;0,0;0,0;0,0;0,0;0,0;0,0
Gain (Loss) On Sale Of Investments;0,0;0,0;0,0;0,0;0,0;0,0;0,0;0,0;0,0;0,0;0,0
Ganancia (perdida) en la venta de activos;0,0;0,0;0,0;0,0;0,0;0,0;0,0;0,0;0,0;0,0;0,0
Devaluacion de activos;0,0;0,0;0,0;0,0;0,0;0,0;0,0;0,0;0,0;0,0;0,0
Gastos de I + D en proceso;0,0;0,0;0,0;0,0;0,0;0,0;0,0;0,0;0,0;0,0;0,0
Liquidaciones de seguros;0,0;0,0;0,0;0,0;0,0;0,0;0,0;0,0;0,0;0,0;0,0
Acuerdos legales;0,0;0,0;0,0;0,0;0,0;0,0;0,0;0,0;0,0;0,0;0,0
Otros articulos inusuales;0,0;0,0;0,0;0,0;0,0;0,0;0,0;0,0;0,0;0,0;0,0
EBT incl. Articulos extraordinarios;8271000000,0;12020000000,0;10700000000,0;15800000000,0;39625000000,0;48082000000,0;90734000000,0;71328000000,0;85717000000,0;119815000000,0;158826000000,0
Gastos de impuestos;3303000000,0;4672000000,0;14531000000,0;4177000000,0;5282000000,0;7813000000,0;14701000000,0;11356000000,0;11922000000,0;19697000000,0;26656000000,0
Beneficios por operaciones continuadas;16348000000,0;19478000000,0;0,0;0,0;0,0;0,0;0,0;0,0;0,0;0,0;0,0
Beneficios por operaciones discontinuadas;0,0;0,0;0,0;0,0;0,0;0,0;0,0;0,0;0,0;0,0;0,0
Articulo extraordinario y cambio contable;0,0;0,0;0,0;0,0;0,0;0,0;0,0;0,0;0,0;0,0;0,0
Beneficio neto de la empresa;16348000000,0;19478000000,0;12662000000,0;30736000000,0;34343000000,0;40269000000,0;76033000000,0;59972000000,0;73795000000,0;100118000000,0;132170000000,0
Dividendo preferente y otros ajustes;522000000,0;0,0;0,0;0,0;0,0;0,0;0,0;0,0;0,0;0,0;0,0
Beneficio neto a acciones comunes incluidos extradordinarios;15826000000,0;19478000000,0;12662000000,0;0,0;0,0;0,0;0,0;0,0;0,0;100118000000,0;132170000000,0
Beneficio neto a acciones comunes excluidos extradordinarios;0,0;0,0;0,0;0,0;0,0;0,0;0,0;0,0;0,0;100118000000,0;132170000000,0
BPA diluido sin extraordinarios;1,0285;1,4088092892594024;0,9112197621415608;2,185;2,4579999999999997;2,9305;5,61;4,56;5,8;8,04;10,81
Promedio ponderado de acciones diluidas en circulacion;13746960000,0;13825860000,0;13895660000,0;13911120000,0;13766700000,0;13504440000,0;13242420000,0;12849000000,0;12460000000,0;12447000000,0;12230000000,0
Promedio ponderado de acciones basicas en circulacion;13746960000,0;13825860000,0;13895660000,0;13911120000,0;13766700000,0;13504440000,0;13242420000,0;12849000000,0;12460000000,0;12319000000,0;12116000000,0
Total de acciones fuera. en la fecha de presentacion;13746960000,0;13825860000,0;13895660000,0;13911120000,0;13766700000,0;13504440000,0;13242420000,0;12849000000,0;12460000000,0;12211000000,0;12088000000,0
Dividendo por accion;0,0;0,0;0,0;0,0;0,0;0,0;0,0;0,0;0,0;0,6;0,83
Dividendo especial por accion;0,0;0,0;0,0;0,0;0,0;0,0;0,0;0,0;0,0;0,0;0,0
BPA basico;1,0455;1,4088092892594024;0,9112197621415608;2,211;2,4795000000000003;2,9575;5,694;4,59;5,84;8,13;10,91
FFO;0,0;0,0;0,0;0,0;0,0;0,0;0,0;0,0;0,0;0,0;0,0
EBITDA;19755000000,0;24274000000,0;27302000000,0;35027000000,0;39725000000,0;48217000000,0;91080000000,0;71685000000,0;86025000000,0;119815000000,0;158826000000,0
EBITDAR;0,0;0,0;0,0;0,0;0,0;0,0;0,0;0,0;0,0;0,0;0,0
Gasto en I + D ;12282000000,0;13948000000,0;16625000000,0;21419000000,0;26018000000,0;27573000000,0;31562000000,0;39500000000,0;45427000000,0;49326000000,0;61087000000,0
Gastos de venta y marketing;9047000000,0;10485000000,0;12893000000,0;16333000000,0;18464000000,0;17946000000,0;22912000000,0;26567000000,0;27917000000,0;27808000000,0;28693000000,0
Gastos generales y administrativos;6136000000,0;6985000000,0;6872000000,0;8126000000,0;9551000000,0;11052000000,0;13510000000,0;15724000000,0;16425000000,0;14188000000,0;21482000000,0
Efectivo distribuible por accion (diluido);0,0;0,0;0,0;0,0;0,0;0,0;0,0;0,0;0,0;0,0;0,0
Distribuciones anualizadas por unidad;0,0;0,0;0,0;0,0;0,0;0,0;0,0;0,0;0,0;0,0;0,0
Efectivo y equivalentes;16549000000,0;12918000000,0;10715000000,0;16701000000,0;18498000000,0;26465000000,0;20945000000,0;21879000000,0;24048000000,0;23466000000,0;30708000000,0
Inversiones a corto plazo;56517000000,0;73415000000,0;91156000000,0;0,0;0,0;0,0;0,0;0,0;0,0;0,0;0,0
Activos financieros para vender;56517000000,0;73415000000,0;91156000000,0;0,0;0,0;0,0;0,0;0,0;0,0;0,0;0,0
Efectivo total e inversiones a corto plazo;73066000000,0;86333000000,0;101871000000,0;109140000000,0;119675000000,0;136694000000,0;139649000000,0;113762000000,0;110916000000,0;95657000000,0;126843000000,0
Cuentas por cobrar;11556000000,0;14137000000,0;18336000000,0;20838000000,0;25326000000,0;30930000000,0;39304000000,0;40258000000,0;47964000000,0;52340000000,0;62886000000,0
Otros por cobrar;0,0;0,0;0,0;0,0;0,0;0,0;0,0;0,0;0,0;0,0;0,0
Notas por cobrar;0,0;0,0;0,0;0,0;0,0;0,0;0,0;0,0;0,0;0,0;0,0
Total de cuentas por cobrar;11556000000,0;14137000000,0;18336000000,0;20838000000,0;25326000000,0;30930000000,0;39304000000,0;40258000000,0;47964000000,0;52340000000,0;62886000000,0
Inventario;0,0;268000000,0;749000000,0;1107000000,0;999000000,0;728000000,0;1170000000,0;2670000000,0;0,0;0,0;0,0
Gastos pagados por anticipado;0,0;0,0;0,0;0,0;0,0;0,0;0,0;0,0;0,0;0,0;0,0
Prestamos y arrendamientos de la division de finanzas al corriente;0,0;0,0;0,0;0,0;0,0;0,0;0,0;0,0;0,0;0,0;0,0
Division de Finanzas Otros Activos Circulantes;0,0;0,0;2983000000,0;4236000000,0;4412000000,0;5490000000,0;7054000000,0;8105000000,0;12650000000,0;15714000000,0;16309000000,0
Prestamos mantenidos para la venta;0,0;0,0;0,0;0,0;0,0;0,0;0,0;0,0;0,0;0,0;0,0
Activos por impuestos diferidos Corrientes;0,0;0,0;0,0;0,0;0,0;0,0;0,0;0,0;0,0;0,0;0,0
Efectivo restringido;0,0;0,0;0,0;0,0;0,0;0,0;0,0;0,0;0,0;0,0;0,0
Otro activo corriente;0,0;0,0;2983000000,0;4236000000,0;4412000000,0;5490000000,0;7054000000,0;8105000000,0;12650000000,0;15714000000,0;16309000000,0
Total de activo corriente;90114000000,0;105408000000,0;124308000000,0;135676000000,0;152578000000,0;174296000000,0;188143000000,0;164795000000,0;171530000000,0;163711000000,0;206038000000,0
Inmobilizado material bruto;40146000000,0;47527000000,0;59647000000,0;82507000000,0;82507000000,0;126462000000,0;147012000000,0;171710000000,0;201803000000,0;199829000000,0;0,0
Depreciacion acumulada;11130000000,0;13293000000,0;17264000000,0;22788000000,0;22788000000,0;41713000000,0;49414000000,0;59042000000,0;67458000000,0;79390000000,0;0,0
Inmobilizado material neto;29016000000,0;34234000000,0;42383000000,0;59719000000,0;59719000000,0;84749000000,0;97599000000,0;112668000000,0;134345000000,0;171036000000,0;0,0
Inversiones a largo plazo;0,0;0,0;0,0;0,0;0,0;0,0;0,0;0,0;0,0;0,0;0,0
Fondo de comercio;15869000000,0;16468000000,0;16747000000,0;17888000000,0;20624000000,0;21175000000,0;22956000000,0;28960000000,0;29198000000,0;31885000000,0;33380000000,0
Otros intangibles;3847000000,0;3307000000,0;2692000000,0;2220000000,0;1979000000,0;1445000000,0;1417000000,0;2084000000,0;0,0;0,0;0,0
Division de Finanzas Prestamos y Arrendamientos a Largo Plazo;0,0;0,0;0,0;0,0;685000000,0;0,0;0,0;0,0;0,0;1442000000,0;2059000000,0
Division financiera Otros activos a largo plazo;0,0;0,0;2672000000,0;2693000000,0;2342000000,0;3953000000,0;5361000000,0;6623000000,0;10051000000,0;14874000000,0;16245000000,0
Cuentas por cobrar a largo plazo;0,0;0,0;0,0;0,0;0,0;0,0;0,0;0,0;0,0;0,0;0,0
Prestamos por cobrar a largo plazo;0,0;0,0;0,0;0,0;0,0;0,0;0,0;0,0;0,0;0,0;0,0
Activos por impuestos diferidos a largo plazo;6138000000,0;7230000000,0;1955000000,0;2964000000,0;4730000000,0;6740000000,0;7667000000,0;17298000000,0;26145000000,0;33364000000,0;34084000000,0
Cargos diferidos a largo plazo;0,0;0,0;0,0;0,0;0,0;0,0;0,0;0,0;0,0;0,0;0,0
Otros activos a largo plazo;0,0;0,0;2672000000,0;2693000000,0;2342000000,0;3953000000,0;5361000000,0;6623000000,0;10051000000,0;14874000000,0;16245000000,0
Activo total;147461000000,0;167497000000,0;197295000000,0;232792000000,0;275909000000,0;319616000000,0;359268000000,0;365264000000,0;402392000000,0;450256000000,0;595281000000,0
Cuentas por pagar;1931000000,0;2041000000,0;3137000000,0;4378000000,0;5561000000,0;5589000000,0;6037000000,0;5128000000,0;7493000000,0;7987000000,0;12200000000,0
Gastos devengados;4768000000,0;6144000000,0;10177000000,0;16958000000,0;23067000000,0;28631000000,0;31236000000,0;37866000000,0;46168000000,0;51228000000,0;55557000000,0
Prestamos de corto plazo;3225000000,0;0,0;0,0;0,0;0,0;0,0;0,0;0,0;0,0;2300000000,0;0,0
Porcion corriente de la deuda a largo plazo;1225000000,0;0,0;0,0;0,0;0,0;999000000,0;0,0;0,0;1000000000,0;999000000,0;1996000000,0
Porcion corriente de las obligaciones de arrendamiento financiero;225000000,0;0,0;0,0;0,0;0,0;101000000,0;113000000,0;298000000,0;363000000,0;235000000,0;441000000,0
Deuda corriente de la Division de Finanzas;3225000000,0;0,0;0,0;0,0;0,0;0,0;0,0;0,0;0,0;0,0;0,0
Otros Pasivos Corrientes de la Division de Finanzas;0,0;0,0;0,0;0,0;0,0;0,0;0,0;0,0;0,0;0,0;0,0
Impuestos sobre la renta actuales por pagar;302000000,0;554000000,0;881000000,0;69000000,0;274000000,0;1485000000,0;808000000,0;0,0;2748000000,0;2905000000,0;523000000,0
Unearned Revenue Current;788000000,0;1099000000,0;1432000000,0;0,0;0,0;2300000000,0;3000000000,0;3800000000,0;4500000000,0;6000000000,0;8600000000,0
Pasivo por impuestos diferidos Corriente;0,0;0,0;0,0;0,0;0,0;0,0;0,0;0,0;0,0;0,0;0,0
Otros pasivos corrientes;0,0;0,0;0,0;0,0;0,0;0,0;0,0;0,0;0,0;0,0;0,0
Total pasivo corriente;19310000000,0;16756000000,0;24183000000,0;34620000000,0;45221000000,0;56834000000,0;64254000000,0;69300000000,0;81814000000,0;89122000000,0;102745000000,0
Deuda a largo plazo;3225000000,0;4000000000,0;4026000000,0;4062000000,0;4685000000,0;15319000000,0;15440000000,0;15312000000,0;14862000000,0;12000000000,0;49085000000,0
Arrendamientos de capitales;0,0;0,0;0,0;0,0;685000000,0;11146000000,0;11389000000,0;12501000000,0;12460000000,0;1442000000,0;2059000000,0
Deuda No Corriente de la Division de Finanzas;3225000000,0;4000000000,0;4026000000,0;4062000000,0;4685000000,0;15319000000,0;15440000000,0;15312000000,0;14862000000,0;12000000000,0;49085000000,0
Otro Pasivo No Corriente de la Division de Finanzas;1822000000,0;2665000000,0;3059000000,0;3545000000,0;2534000000,0;2269000000,0;2205000000,0;2247000000,0;1616000000,0;4694000000,0;8449000000,0
Ingresos no devengados no corrientes;151000000,0;202000000,0;340000000,0;396000000,0;358000000,0;481000000,0;535000000,0;599000000,0;911000000,0;0,0;0,0
Pension y otros beneficios posteriores a la jubilacion;0,0;0,0;0,0;0,0;0,0;0,0;0,0;0,0;0,0;0,0;0,0
Pasivo por impuesto diferido no corriente;189000000,0;226000000,0;0,0;527000000,0;980000000,0;2477000000,0;3973000000,0;3973000000,0;0,0;0,0;0,0
Otro pasivo no corrientes;1822000000,0;2665000000,0;3059000000,0;3545000000,0;2534000000,0;2269000000,0;2205000000,0;2247000000,0;1616000000,0;4694000000,0;8449000000,0
Pasivo Total;27130000000,0;28461000000,0;44793000000,0;55164000000,0;74467000000,0;97072000000,0;107633000000,0;109120000000,0;119013000000,0;125172000000,0;180016000000,0
Acciones preferentes reembolsables;0,0;0,0;0,0;0,0;0,0;0,0;0,0;0,0;0,0;0,0;0,0
Acciones preferentes no reembolsables;0,0;0,0;0,0;0,0;0,0;0,0;0,0;0,0;0,0;0,0;0,0
Acciones preferentes convertibles;0,0;0,0;0,0;0,0;0,0;0,0;0,0;0,0;0,0;0,0;0,0
Total preferentes;0,0;0,0;0,0;0,0;0,0;0,0;0,0;0,0;0,0;0,0;0,0
Acciones comunes;687000,0;0,0;0,0;0,0;0,0;0,0;0,0;0,0;0,0;0,0;0,0
Prima de suscripcion;0,0;0,0;0,0;0,0;0,0;0,0;0,0;0,0;0,0;0,0;0,0
Beneficio no distribuido;89223000000,0;105131000000,0;113247000000,0;134885000000,0;152122000000,0;163401000000,0;191484000000,0;195563000000,0;211247000000,0;245084000000,0;324055000000,0
Autocartera;0,0;0,0;0,0;0,0;0,0;0,0;0,0;0,0;0,0;0,0;0,0
Resultado integral y otros;-1874000000,0;-2402000000,0;-992000000,0;-2306000000,0;-1232000000,0;633000000,0;-1623000000,0;-7603000000,0;-4402000000,0;-4800000000,0;-1916000000,0
Patrimonio neto comun total;120331000000,0;139036000000,0;152502000000,0;177628000000,0;201442000000,0;222544000000,0;251635000000,0;256144000000,0;283379000000,0;325084000000,0;415265000000,0
Intereses minoritario;0,0;0,0;0,0;0,0;0,0;0,0;0,0;0,0;0,0;0,0;0,0
Fondos propios totales;120331000000,0;139036000000,0;152502000000,0;177628000000,0;201442000000,0;222544000000,0;251635000000,0;256144000000,0;283379000000,0;325084000000,0;415265000000,0
Pasivo total y patrimonio neto;147461000000,0;167497000000,0;197295000000,0;232792000000,0;275909000000,0;319616000000,0;359268000000,0;365264000000,0;402392000000,0;450256000000,0;595281000000,0
Inversiones por metodo de participacion;1600000000,0;1700000000,0;1400000000,0;1300000000,0;1300000000,0;1400000000,0;1500000000,0;1500000000,0;1700000000,0;2000000000,0;0,0
Terrenos;0,0;0,0;0,0;0,0;0,0;0,0;0,0;0,0;0,0;0,0;0,0
Edificios;0,0;0,0;0,0;0,0;0,0;0,0;0,0;0,0;0,0;0,0;0,0
Construccion en progreso;0,0;0,0;0,0;0,0;0,0;0,0;0,0;0,0;0,0;50597000000,0;0,0
Empleados a tiempo completo;0,0;0,0;0,0;0,0;0,0;0,0;0,0;0,0;0,0;0,0;0,0
Beneficio netos;16348000000,0;19478000000,0;12662000000,0;30736000000,0;34343000000,0;40269000000,0;76033000000,0;59972000000,0;73795000000,0;100118000000,0;132170000000,0
Amortizacion de fondos de comercio y activos intangibles;0,0;0,0;0,0;0,0;0,0;0,0;0,0;0,0;0,0;0,0;0,0
Depreciacion y amortizacion total;0,0;0,0;0,0;0,0;0,0;0,0;0,0;0,0;0,0;0,0;0,0
Amortizacion de cargos diferidos;0,0;0,0;0,0;0,0;0,0;0,0;0,0;0,0;0,0;0,0;0,0
Interes minoritario en las ganancias;0,0;0,0;0,0;0,0;0,0;0,0;0,0;0,0;0,0;0,0;0,0
(Ganancia) Perdida por venta de activos;0,0;0,0;0,0;0,0;0,0;0,0;0,0;0,0;0,0;0,0;0,0
(Ganancia) Perdida por venta de inversiones;0,0;0,0;0,0;0,0;0,0;0,0;0,0;0,0;0,0;0,0;0,0
Deterioro de actiovs y costes de reestructuracion;0,0;0,0;0,0;0,0;0,0;0,0;0,0;0,0;0,0;0,0;0,0
Provision para perdidas crediticias;0,0;0,0;0,0;0,0;0,0;0,0;0,0;0,0;0,0;0,0;0,0
(Ingresos) Perdida en inversiones de capital;-227000000,0;-202000000,0;-156000000,0;0,0;0,0;0,0;0,0;0,0;0,0;0,0;0,0
Compensacion de stock options;5203000000,0;6703000000,0;7679000000,0;9353000000,0;10794000000,0;12991000000,0;15376000000,0;19362000000,0;22460000000,0;22785000000,0;24953000000,0
Beneficio fiscal de las opciones sobre acciones;0,0;0,0;0,0;0,0;0,0;0,0;0,0;0,0;0,0;0,0;0,0
Provision y cancelacion de deudas incobrables;0,0;0,0;0,0;0,0;0,0;0,0;0,0;0,0;0,0;0,0;0,0
Efectivo neto de operaciones discontinuadas;0,0;0,0;0,0;0,0;0,0;0,0;0,0;0,0;0,0;0,0;0,0
Otras actividades operativas;0,0;0,0;0,0;0,0;0,0;0,0;0,0;0,0;0,0;0,0;0,0
Cambio en cuentas por cobrar;2094000000,0;2578000000,0;3768000000,0;2169000000,0;4340000000,0;6524000000,0;9095000000,0;2317000000,0;7833000000,0;5891000000,0;8779000000,0
Cambio en inventarios;0,0;0,0;0,0;0,0;0,0;0,0;0,0;0,0;0,0;0,0;0,0
Cambio en cuentas por pagar;203000000,0;110000000,0;731000000,0;1067000000,0;428000000,0;694000000,0;283000000,0;707000000,0;664000000,0;359000000,0;907000000,0
Cambio en los ingresos no devengados;43000000,0;223000000,0;390000000,0;0,0;0,0;0,0;0,0;0,0;0,0;0,0;0,0
Cambio de impuestos sobre la renta;-179000000,0;3125000000,0;8211000000,0;-2251000000,0;-3128000000,0;1209000000,0;-625000000,0;584000000,0;523000000,0;-2418000000,0;-3226000000,0
Efectivo de Operaciones;26572000000,0;36036000000,0;37091000000,0;47971000000,0;54520000000,0;65124000000,0;91652000000,0;91495000000,0;101746000000,0;125299000000,0;164713000000,0
Gastos de capital;9915000000,0;10212000000,0;13184000000,0;25139000000,0;23548000000,0;22281000000,0;24640000000,0;31485000000,0;32251000000,0;52535000000,0;91447000000,0
Venta de inmobilizado material;0,0;240000000,0;99000000,0;98000000,0;0,0;0,0;0,0;0,0;0,0;0,0;0,0
Adquisiciones con efectivo;0,0;0,0;0,0;0,0;0,0;0,0;0,0;0,0;0,0;0,0;0,0
Desinversiones;0,0;0,0;0,0;0,0;0,0;0,0;0,0;0,0;0,0;0,0;0,0
Inversion en valores negociables y de renta variable;74368000000,0;84509000000,0;92195000000,0;50158000000,0;100315000000,0;136576000000,0;135196000000,0;78874000000,0;77858000000,0;86679000000,0;103773000000,0
Efectivo de la inversion;-23711000000,0;-31165000000,0;-31401000000,0;-28504000000,0;-29491000000,0;-32773000000,0;-35523000000,0;-20298000000,0;-27063000000,0;-45536000000,0;-120291000000,0
Deuda total emitida;0,0;0,0;0,0;0,0;0,0;0,0;0,0;0,0;0,0;0,0;0,0
Total de la deuda reembolsada;13728000000,0;10064000000,0;0,0;0,0;0,0;0,0;0,0;0,0;0,0;0,0;0,0
Emision de acciones ordinarias;0,0;0,0;0,0;0,0;0,0;0,0;0,0;0,0;0,0;0,0;0,0
Emision de acciones preferentes;0,0;0,0;0,0;0,0;0,0;0,0;0,0;0,0;0,0;0,0;0,0
Dividendos preferenciales pagados;0,0;0,0;0,0;0,0;0,0;0,0;0,0;0,0;0,0;0,0;0,0
Efectivo de Financiamiento;-4225000000,0;-8332000000,0;-8298000000,0;-13179000000,0;-23209000000,0;-24408000000,0;-61362000000,0;-69757000000,0;-72093000000,0;-79733000000,0;-37388000000,0
Ajustes del tipo de cambio de divisas;-434000000,0;-170000000,0;405000000,0;-302000000,0;0,0;0,0;0,0;0,0;0,0;0,0;0,0
Cambio neto en efectivo;-1798000000,0;-3631000000,0;-2203000000,0;5986000000,0;0,0;0,0;0,0;0,0;0,0;0,0;0,0
Intereses en efectivo pagados;96000000,0;84000000,0;84000000,0;69000000,0;0,0;0,0;0,0;0,0;0,0;0,0;0,0
Impuestos en efectivo pagados;3338000000,0;1643000000,0;6191000000,0;5671000000,0;8203000000,0;4990000000,0;13412000000,0;18892000000,0;19164000000,0;27400000000,0;21526000000,0
Deuda total;7675000000,0;4000000000,0;4026000000,0;4062000000,0;4685000000,0;16318000000,0;15440000000,0;15312000000,0;15862000000,0;15299000000,0;51081000000,0
Deuda neta;-65391000000,0;-82333000000,0;-97845000000,0;-12639000000,0;-13813000000,0;-10147000000,0;-5505000000,0;-6567000000,0;-8186000000,0;-8167000000,0;20373000000,0
Flujo de caja libre;16657000000,0;25824000000,0;23907000000,0;22832000000,0;30972000000,0;42843000000,0;67012000000,0;60010000000,0;69495000000,0;72764000000,0;73266000000,0
Valor contable / Accion;8,753280725338547;10,056227967012541;10,974793568639416;12,768777783528574;14,632555369115329;16,47932087520845;19,002191442349663;19,934936570939374;22,743097913322632;26,117458022013338;33,954619787408014
Flujo de caja por accion;1,9329364455850602;2,606420143123104;2,6692506869051202;3,448392365244495;3,960280967842693;4,822413961630398;6,921091462134565;7,120787609930734;8,165810593900481;10,066602394151202;13,467947669664758
