;2014;2015;2016;2017;2018;2019;2020;2021;2022;2023;2024;2025
Ingresos;45998000000,0;44294000000,0;41863000000,0;35410000000,0;34300000000,0;37266000000,0;33014000000,0;38655000000,0;43004000000,0;45754000000,0;47061000000,0;47941000000,0
Ingresos financieros;0,0;0,0;0,0;0,0;0,0;0,0;0,0;0,0;0,0;0,0;0,0;0,0
Ingresos de la division de seguros;0,0;0,0;0,0;0,0;0,0;0,0;0,0;0,0;0,0;0,0;0,0;0,0
Ganancia (perdida) en la venta de activos (Rev);0,0;0,0;0,0;0,0;0,0;0,0;0,0;0,0;0,0;0,0;0,0;0,0
Ganancia (perdida) en venta de inversion (Rev);0,0;0,0;0,0;0,0;0,0;0,0;0,0;0,0;0,0;0,0;0,0;0,0
Intereses e ingresos de inversiones;594000000,0;613000000,0;642000000,0;677000000,0;689000000,0;563000000,0;370000000,0;276000000,0;449000000,0;907000000,0;988000000,0;786000000,0
Otros ingresos;0,0;0,0;0,0;0,0;0,0;0,0;0,0;0,0;0,0;0,0;0,0;0,0
Ingresos totales;0,0;0,0;0,0;0,0;34300000000,0;37266000000,0;33014000000,0;38655000000,0;43004000000,0;45754000000,0;47061000000,0;47941000000,0
Coste de los bienes vendidos;17889000000,0;17482000000,0;16465000000,0;13256000000,0;13067000000,0;14619000000,0;13433000000,0;15357000000,0;18000000000,0;18520000000,0;18324000000,0;18397000000,0
Gastos financieros operativos;0,0;0,0;0,0;0,0;0,0;0,0;0,0;0,0;0,0;0,0;0,0;0,0
Gastos operativos de la division de seguros;0,0;0,0;0,0;0,0;0,0;0,0;0,0;0,0;0,0;0,0;0,0;0,0
Gastos por intereses - Division de finanzas;483000000,0;856000000,0;733000000,0;841000000,0;950000000,0;946000000,0;1437000000,0;1597000000,0;882000000,0;1527000000,0;1656000000,0;1654000000,0
Beneficio bruto;28109000000,0;26812000000,0;25398000000,0;22154000000,0;21233000000,0;22647000000,0;19581000000,0;23298000000,0;25004000000,0;27234000000,0;28737000000,0;29544000000,0
Gastos de venta generales y administrativos;17218000000,0;16427000000,0;15262000000,0;12496000000,0;11002000000,0;12103000000,0;9731000000,0;12144000000,0;12880000000,0;13972000000,0;14582000000,0;14521000000,0
Gastos de exploracion / perforacion;0,0;0,0;0,0;0,0;0,0;0,0;0,0;0,0;0,0;0,0;0,0;0,0
Provision para deudas incobrables;195000000,0;18000000,0;153000000,0;442000000,0;0,0;767000000,0;290000000,0;0,0;57000000,0;46000000,0;63000000,0;12000000,0
Gastos de pre-apertura;0,0;0,0;0,0;0,0;0,0;0,0;0,0;0,0;0,0;0,0;0,0;0,0
Gastos de I + D;0,0;0,0;0,0;0,0;0,0;0,0;0,0;0,0;0,0;0,0;0,0;0,0
Deterioro del petroleo, gas y propiedades minerales;0,0;0,0;0,0;0,0;0,0;0,0;0,0;0,0;0,0;0,0;0,0;0,0
Otros gastos operacionales;0,0;0,0;0,0;0,0;0,0;0,0;0,0;0,0;0,0;0,0;0,0;0,0
Gastos operativos totales;17218000000,0;16427000000,0;15262000000,0;12496000000,0;11002000000,0;12103000000,0;9731000000,0;12144000000,0;12880000000,0;13972000000,0;14582000000,0;14521000000,0
Beneficio operativo;9708000000,0;8728000000,0;8626000000,0;7501000000,0;9152000000,0;10086000000,0;8997000000,0;10308000000,0;10909000000,0;11311000000,0;9992000000,0;13762000000,0
Gastos por intereses;483000000,0;856000000,0;733000000,0;841000000,0;950000000,0;946000000,0;1437000000,0;1597000000,0;882000000,0;1527000000,0;1656000000,0;1654000000,0
Ingresos por intereses e inversiones;0,0;0,0;0,0;0,0;0,0;0,0;0,0;0,0;0,0;0,0;0,0;0,0
Ingresos (perdidas) sobre capital invertido.;769000000,0;489000000,0;835000000,0;1071000000,0;1008000000,0;1049000000,0;978000000,0;1438000000,0;1472000000,0;1691000000,0;1770000000,0;2031000000,0
Ganancias (perdidas) cambiarias;0,0;0,0;0,0;0,0;0,0;0,0;0,0;0,0;0,0;0,0;110000000,0;-191000000,0
Otros ingresos (gastos) no operativos;-1263000000,0;631000000,0;-1234000000,0;-1666000000,0;-1674000000,0;34000000,0;841000000,0;2000000000,0;-262000000,0;570000000,0;1992000000,0;1073000000,0
EBT excl. Articulos inusuales;0,0;0,0;0,0;0,0;0,0;0,0;0,0;0,0;0,0;0,0;0,0;0,0
Cargos de fusion y reestructuracion;0,0;0,0;0,0;0,0;0,0;264000000,0;440000000,0;0,0;38000000,0;0,0;0,0;0,0
Deterioro del fondo de comercio;82000000,0;4000000,0;10000000,0;390000000,0;390000000,0;0,0;14000000,0;7000000,0;7000000,0;0,0;6000000,0;6000000,0
Gain (Loss) On Sale Of Investments;0,0;0,0;0,0;0,0;0,0;0,0;0,0;0,0;0,0;0,0;0,0;0,0
Ganancia (perdida) en la venta de activos;0,0;0,0;0,0;0,0;0,0;0,0;0,0;0,0;0,0;0,0;0,0;0,0
Devaluacion de activos;195000000,0;18000000,0;153000000,0;442000000,0;0,0;767000000,0;290000000,0;0,0;57000000,0;46000000,0;63000000,0;12000000,0
Gastos de I + D en proceso;0,0;0,0;0,0;0,0;0,0;0,0;0,0;0,0;0,0;0,0;0,0;0,0
Liquidaciones de seguros;0,0;0,0;0,0;0,0;0,0;0,0;0,0;0,0;0,0;0,0;0,0;0,0
Acuerdos legales;0,0;0,0;32000000,0;67000000,0;33000000,0;33000000,0;33000000,0;0,0;15000000,0;8000000,0;-2000000,0;10000000,0
Otros articulos inusuales;0,0;0,0;0,0;0,0;0,0;0,0;0,0;0,0;0,0;0,0;0,0;0,0
EBT incl. Articulos extraordinarios;9325000000,0;9605000000,0;8136000000,0;6742000000,0;8225000000,0;10786000000,0;9749000000,0;12425000000,0;11686000000,0;12952000000,0;13086000000,0;15998000000,0
Gastos de impuestos;2201000000,0;2239000000,0;1586000000,0;5560000000,0;1749000000,0;1801000000,0;1981000000,0;2621000000,0;2115000000,0;2249000000,0;2437000000,0;2861000000,0
Beneficios por operaciones continuadas;0,0;0,0;0,0;1181000000,0;6734000000,0;0,0;0,0;0,0;0,0;0,0;0,0;0,0
Beneficios por operaciones discontinuadas;0,0;0,0;0,0;101000000,0;-251000000,0;0,0;0,0;0,0;0,0;0,0;0,0;0,0
Articulo extraordinario y cambio contable;0,0;0,0;0,0;0,0;0,0;0,0;0,0;0,0;0,0;0,0;0,0;0,0
Beneficio neto de la empresa;7098000000,0;7351000000,0;6527000000,0;1248000000,0;6434000000,0;8920000000,0;7747000000,0;9771000000,0;9542000000,0;10714000000,0;10631000000,0;13107000000,0
Dividendo preferente y otros ajustes;0,0;0,0;0,0;0,0;0,0;0,0;0,0;0,0;0,0;0,0;0,0;0,0
Beneficio neto a acciones comunes incluidos extradordinarios;0,0;0,0;0,0;0,0;0,0;0,0;0,0;0,0;0,0;0,0;0,0;0,0
Beneficio neto a acciones comunes excluidos extradordinarios;0,0;0,0;0,0;0,0;0,0;0,0;0,0;0,0;0,0;0,0;0,0;0,0
BPA diluido sin extraordinarios;1,6;1,67;1,49;0,29;1,5;2,07;1,79;2,25;2,19;2,47;2,46;3,04
Promedio ponderado de acciones diluidas en circulacion;4450000000,0;4405000000,0;4367000000,0;4324000000,0;4299000000,0;4314000000,0;4323000000,0;4340000000,0;4350000000,0;4339000000,0;4320000000,0;4313000000,0
Promedio ponderado de acciones basicas en circulacion;4387000000,0;4352000000,0;4317000000,0;4272000000,0;4259000000,0;4276000000,0;4295000000,0;4315000000,0;4328000000,0;4323000000,0;4309000000,0;4303000000,0
Total de acciones fuera. en la fecha de presentacion;4366243616,0;4329497778,0;4293461702,0;4265906533,0;4275340031,0;4290276067,0;4309311676,0;4335473308,0;4326691783,0;4312456168,0;4301000395,0;4300723069,0
Dividendo por accion;1,22;1,32;1,4;1,48;1,56;1,6;1,64;1,68;1,76;1,84;1,94;2,04
Dividendo especial por accion;0,0;0,0;0,0;0,0;0,0;0,0;0,0;0,0;0,0;0,0;0,0;0,0
BPA basico;1,62;1,69;1,51;0,29;1,51;2,09;1,8;2,26;2,2;2,48;2,47;3,05
FFO;0,0;0,0;0,0;0,0;0,0;0,0;0,0;0,0;0,0;0,0;0,0;0,0
EBITDA;9782000000,0;10446000000,0;8846000000,0;7649000000,0;9133000000,0;11667000000,0;11165000000,0;13989000000,0;12539000000,0;14490000000,0;14724000000,0;17622000000,0
EBITDAR;0,0;0,0;0,0;0,0;0,0;0,0;0,0;0,0;0,0;0,0;0,0;0,0
Gasto en I + D ;0,0;0,0;0,0;0,0;0,0;0,0;0,0;0,0;0,0;0,0;0,0;0,0
Gastos de venta y marketing;0,0;0,0;0,0;0,0;0,0;0,0;0,0;0,0;0,0;0,0;0,0;0,0
Gastos generales y administrativos;0,0;0,0;0,0;0,0;0,0;0,0;0,0;0,0;0,0;0,0;0,0;0,0
Efectivo distribuible por accion (diluido);0,0;0,0;0,0;0,0;0,0;0,0;0,0;0,0;0,0;0,0;0,0;0,0
Distribuciones anualizadas por unidad;0,0;0,0;0,0;0,0;0,0;0,0;0,0;0,0;0,0;0,0;0,0;0,0
Efectivo y equivalentes;8958000000,0;7309000000,0;8555000000,0;6006000000,0;9077000000,0;6480000000,0;6795000000,0;9684000000,0;9519000000,0;9366000000,0;10828000000,0;10270000000,0
Inversiones a corto plazo;0,0;0,0;0,0;0,0;0,0;0,0;0,0;0,0;0,0;0,0;0,0;0,0
Activos financieros para vender;7879000000,0;8606000000,0;6413000000,0;7807000000,0;0,0;0,0;0,0;0,0;0,0;0,0;0,0;0,0
Efectivo total e inversiones a corto plazo;18010000000,0;15631000000,0;18150000000,0;15358000000,0;11102000000,0;7947000000,0;8566000000,0;10926000000,0;10562000000,0;12363000000,0;12848000000,0;13872000000,0
Cuentas por cobrar;4466000000,0;3941000000,0;3856000000,0;3667000000,0;3685000000,0;3971000000,0;3144000000,0;3512000000,0;3487000000,0;3410000000,0;3569000000,0;3038000000,0
Otros por cobrar;0,0;0,0;0,0;0,0;0,0;0,0;0,0;0,0;0,0;0,0;0,0;0,0
Notas por cobrar;0,0;0,0;0,0;0,0;0,0;0,0;0,0;0,0;0,0;0,0;0,0;0,0
Total de cuentas por cobrar;4466000000,0;3941000000,0;3856000000,0;3667000000,0;3685000000,0;3971000000,0;3144000000,0;3512000000,0;3487000000,0;3410000000,0;3569000000,0;3038000000,0
Inventario;3100000000,0;2902000000,0;2675000000,0;2655000000,0;3071000000,0;3379000000,0;3266000000,0;3414000000,0;4233000000,0;4424000000,0;4728000000,0;4425000000,0
Gastos pagados por anticipado;3066000000,0;2752000000,0;2481000000,0;2000000000,0;2059000000,0;1886000000,0;1916000000,0;2994000000,0;3240000000,0;5235000000,0;3129000000,0;2433000000,0
Prestamos y arrendamientos de la division de finanzas al corriente;0,0;0,0;0,0;0,0;0,0;0,0;0,0;0,0;0,0;0,0;0,0;0,0
Division de Finanzas Otros Activos Circulantes;0,0;0,0;0,0;0,0;0,0;0,0;0,0;0,0;0,0;0,0;0,0;0,0
Prestamos mantenidos para la venta;0,0;0,0;0,0;0,0;0,0;0,0;0,0;0,0;0,0;0,0;0,0;0,0
Activos por impuestos diferidos Corrientes;160000000,0;151000000,0;80000000,0;80000000,0;0,0;0,0;0,0;0,0;0,0;0,0;0,0;0,0
Efectivo restringido;0,0;0,0;0,0;0,0;0,0;0,0;0,0;0,0;0,0;0,0;0,0;0,0
Otro activo corriente;0,0;0,0;0,0;0,0;0,0;0,0;0,0;0,0;0,0;0,0;0,0;0,0
Total de activo corriente;32986000000,0;33395000000,0;34010000000,0;36545000000,0;24930000000,0;20411000000,0;19240000000,0;22545000000,0;22591000000,0;26732000000,0;25997000000,0;31044000000,0
Inmobilizado material bruto;25258000000,0;22354000000,0;21256000000,0;16449000000,0;17611000000,0;18921000000,0;19700000000,0;18862000000,0;19075000000,0;18469000000,0;19873000000,0;18732000000,0
Depreciacion acumulada;10625000000,0;9783000000,0;10621000000,0;8246000000,0;8013000000,0;8083000000,0;0,0;0,0;0,0;0,0;0,0;0,0
Inmobilizado material neto;14633000000,0;12571000000,0;10635000000,0;8203000000,0;9598000000,0;10838000000,0;10777000000,0;9920000000,0;9841000000,0;9236000000,0;10303000000,0;9613000000,0
Inversiones a largo plazo;0,0;0,0;0,0;0,0;0,0;0,0;0,0;0,0;0,0;0,0;0,0;0,0
Fondo de comercio;12100000000,0;11289000000,0;10629000000,0;9401000000,0;14109000000,0;16764000000,0;17506000000,0;19363000000,0;18782000000,0;18358000000,0;18139000000,0;15491000000,0
Otros intangibles;0,0;0,0;0,0;0,0;0,0;0,0;0,0;0,0;0,0;0,0;0,0;0,0
Division de Finanzas Prestamos y Arrendamientos a Largo Plazo;0,0;0,0;0,0;0,0;0,0;0,0;0,0;0,0;0,0;0,0;0,0;0,0
Division financiera Otros activos a largo plazo;4407000000,0;4110000000,0;4248000000,0;4560000000,0;4148000000,0;6075000000,0;6184000000,0;6731000000,0;6189000000,0;7162000000,0;13403000000,0;14696000000,0
Cuentas por cobrar a largo plazo;0,0;0,0;0,0;0,0;0,0;0,0;0,0;0,0;0,0;0,0;0,0;0,0
Prestamos por cobrar a largo plazo;0,0;0,0;0,0;0,0;0,0;0,0;0,0;0,0;0,0;0,0;0,0;0,0
Activos por impuestos diferidos a largo plazo;319000000,0;360000000,0;326000000,0;331000000,0;2674000000,0;5294000000,0;5960000000,0;4937000000,0;4609000000,0;4419000000,0;5838000000,0;5126000000,0
Cargos diferidos a largo plazo;0,0;0,0;0,0;0,0;0,0;0,0;0,0;0,0;0,0;0,0;0,0;0,0
Otros activos a largo plazo;4407000000,0;4110000000,0;4248000000,0;4560000000,0;4148000000,0;6075000000,0;6184000000,0;6731000000,0;6189000000,0;7162000000,0;13403000000,0;14696000000,0
Activo total;92023000000,0;89996000000,0;87270000000,0;87896000000,0;83216000000,0;86381000000,0;87296000000,0;94354000000,0;92763000000,0;97703000000,0;100549000000,0;104816000000,0
Cuentas por pagar;9234000000,0;9660000000,0;9490000000,0;8748000000,0;9533000000,0;11312000000,0;11145000000,0;14619000000,0;15749000000,0;15485000000,0;21715000000,0;14813000000,0
Gastos devengados;0,0;0,0;0,0;0,0;0,0;0,0;0,0;0,0;0,0;0,0;0,0;0,0
Prestamos de corto plazo;19010000000,0;13035000000,0;12330000000,0;12931000000,0;13063000000,0;10007000000,0;2183000000,0;3307000000,0;2373000000,0;4209000000,0;1139000000,0;1495000000,0
Porcion corriente de la deuda a largo plazo;3552000000,0;2676000000,0;3527000000,0;3298000000,0;5003000000,0;4253000000,0;485000000,0;1338000000,0;399000000,0;1960000000,0;648000000,0;1822000000,0
Porcion corriente de las obligaciones de arrendamiento financiero;0,0;0,0;0,0;0,0;0,0;0,0;0,0;0,0;0,0;0,0;0,0;0,0
Deuda corriente de la Division de Finanzas;0,0;0,0;0,0;0,0;0,0;0,0;0,0;0,0;0,0;0,0;0,0;0,0
Otros Pasivos Corrientes de la Division de Finanzas;0,0;0,0;0,0;0,0;0,0;0,0;0,0;0,0;0,0;0,0;0,0;0,0
Impuestos sobre la renta actuales por pagar;400000000,0;331000000,0;307000000,0;410000000,0;411000000,0;414000000,0;788000000,0;686000000,0;1203000000,0;1569000000,0;1387000000,0;525000000,0
Unearned Revenue Current;0,0;0,0;0,0;0,0;0,0;0,0;0,0;0,0;0,0;0,0;0,0;0,0
Pasivo por impuestos diferidos Corriente;450000000,0;743000000,0;692000000,0;0,0;0,0;0,0;0,0;0,0;0,0;0,0;0,0;0,0
Otros pasivos corrientes;0,0;0,0;0,0;0,0;0,0;0,0;0,0;0,0;0,0;0,0;0,0;0,0
Total pasivo corriente;32374000000,0;26929000000,0;26532000000,0;27194000000,0;28782000000,0;26973000000,0;14601000000,0;19950000000,0;19724000000,0;23571000000,0;25249000000,0;21281000000,0
Deuda a largo plazo;22615000000,0;30987000000,0;33211000000,0;34480000000,0;30379000000,0;31769000000,0;40610000000,0;39454000000,0;36776000000,0;37507000000,0;42375000000,0;42119000000,0
Arrendamientos de capitales;0,0;0,0;0,0;0,0;0,0;1111000000,0;0,0;1161000000,0;1113000000,0;1001000000,0;923000000,0;1401000000,0
Deuda No Corriente de la Division de Finanzas;22615000000,0;30987000000,0;33211000000,0;34480000000,0;30379000000,0;31769000000,0;40610000000,0;39454000000,0;36776000000,0;37507000000,0;0,0;0,0
Otro Pasivo No Corriente de la Division de Finanzas;4389000000,0;4301000000,0;4081000000,0;8021000000,0;7646000000,0;8510000000,0;9453000000,0;8607000000,0;7922000000,0;8466000000,0;4084000000,0;4735000000,0
Ingresos no devengados no corrientes;0,0;0,0;0,0;0,0;0,0;0,0;0,0;0,0;0,0;0,0;0,0;0,0
Pension y otros beneficios posteriores a la jubilacion;0,0;0,0;0,0;0,0;0,0;0,0;0,0;0,0;0,0;0,0;0,0;0,0
Pasivo por impuesto diferido no corriente;5636000000,0;4691000000,0;3753000000,0;2522000000,0;2354000000,0;2284000000,0;0,0;692000000,0;1168000000,0;1078000000,0;1150000000,0;1200000000,0
Otro pasivo no corrientes;4389000000,0;4301000000,0;4081000000,0;8021000000,0;7646000000,0;8510000000,0;9453000000,0;8607000000,0;7922000000,0;8466000000,0;4084000000,0;4735000000,0
Pasivo Total;61703000000,0;64442000000,0;64208000000,0;70824000000,0;66235000000,0;67400000000,0;67997000000,0;71355000000,0;68658000000,0;71762000000,0;75693000000,0;72647000000,0
Acciones preferentes reembolsables;0,0;0,0;0,0;0,0;0,0;0,0;0,0;0,0;0,0;0,0;0,0;0,0
Acciones preferentes no reembolsables;0,0;0,0;0,0;0,0;0,0;0,0;0,0;0,0;0,0;0,0;0,0;0,0
Acciones preferentes convertibles;0,0;0,0;0,0;0,0;0,0;0,0;0,0;0,0;0,0;0,0;0,0;0,0
Total preferentes;0,0;0,0;0,0;0,0;0,0;0,0;0,0;0,0;0,0;0,0;0,0;0,0
Acciones comunes;1760000000,0;1760000000,0;1760000000,0;1760000000,0;1760000000,0;1760000000,0;1760000000,0;1760000000,0;1760000000,0;1760000000,0;1760000000,0;1760000000,0
Prima de suscripcion;13154000000,0;14016000000,0;14993000000,0;15864000000,0;16520000000,0;17154000000,0;17601000000,0;18116000000,0;18822000000,0;19209000000,0;19801000000,0;20581000000,0
Beneficio no distribuido;63408000000,0;65018000000,0;65502000000,0;60430000000,0;63234000000,0;65855000000,0;66555000000,0;69094000000,0;71019000000,0;73782000000,0;76054000000,0;80382000000,0
Autocartera;42225000000,0;45066000000,0;47988000000,0;50677000000,0;51719000000,0;52244000000,0;52016000000,0;51641000000,0;52601000000,0;54535000000,0;55916000000,0;56423000000,0
Resultado integral y otros;-5777000000,0;-10174000000,0;-11205000000,0;-10305000000,0;-12814000000,0;-13544000000,0;-14601000000,0;-14330000000,0;-14895000000,0;-14275000000,0;-16843000000,0;-14131000000,0
Patrimonio neto comun total;30320000000,0;25554000000,0;23062000000,0;17072000000,0;16981000000,0;18981000000,0;19299000000,0;22999000000,0;24105000000,0;25941000000,0;24856000000,0;32169000000,0
Intereses minoritario;241000000,0;210000000,0;158000000,0;1905000000,0;2077000000,0;2117000000,0;1985000000,0;1861000000,0;1721000000,0;1539000000,0;1516000000,0;2106000000,0
Fondos propios totales;30320000000,0;25554000000,0;23062000000,0;17072000000,0;16981000000,0;18981000000,0;19299000000,0;22999000000,0;24105000000,0;25941000000,0;24856000000,0;32169000000,0
Pasivo total y patrimonio neto;92023000000,0;89996000000,0;87270000000,0;87896000000,0;83216000000,0;86381000000,0;87296000000,0;94354000000,0;92763000000,0;97703000000,0;100549000000,0;104816000000,0
Inversiones por metodo de participacion;9947000000,0;12318000000,0;16260000000,0;20856000000,0;19412000000,0;19025000000,0;19273000000,0;17598000000,0;18264000000,0;19671000000,0;18087000000,0;20235000000,0
Terrenos;0,0;0,0;0,0;0,0;0,0;0,0;0,0;0,0;0,0;0,0;0,0;0,0
Edificios;0,0;0,0;0,0;0,0;0,0;0,0;0,0;0,0;0,0;0,0;0,0;0,0
Construccion en progreso;0,0;0,0;0,0;0,0;0,0;0,0;0,0;0,0;0,0;0,0;0,0;0,0
Empleados a tiempo completo;0,0;0,0;0,0;0,0;0,0;0,0;0,0;0,0;0,0;0,0;0,0;0,0
Beneficio netos;7098000000,0;7351000000,0;6527000000,0;1248000000,0;6434000000,0;8920000000,0;7747000000,0;9771000000,0;9542000000,0;10714000000,0;10631000000,0;13107000000,0
Amortizacion de fondos de comercio y activos intangibles;168000000,0;156000000,0;139000000,0;68000000,0;49000000,0;120000000,0;203000000,0;165000000,0;120000000,0;94000000,0;0,0;0,0
Depreciacion y amortizacion total;0,0;0,0;0,0;0,0;0,0;0,0;0,0;0,0;0,0;0,0;0,0;0,0
Amortizacion de cargos diferidos;0,0;0,0;0,0;0,0;0,0;0,0;0,0;0,0;0,0;0,0;0,0;0,0
Interes minoritario en las ganancias;26000000,0;15000000,0;23000000,0;35000000,0;42000000,0;65000000,0;21000000,0;33000000,0;29000000,0;-11000000,0;18000000,0;30000000,0
(Ganancia) Perdida por venta de activos;0,0;0,0;0,0;0,0;0,0;0,0;0,0;0,0;0,0;0,0;0,0;0,0
(Ganancia) Perdida por venta de inversiones;0,0;0,0;0,0;0,0;0,0;0,0;0,0;0,0;0,0;0,0;0,0;0,0
Deterioro de actiovs y costes de reestructuracion;0,0;0,0;0,0;0,0;0,0;0,0;0,0;0,0;0,0;0,0;0,0;0,0
Provision para perdidas crediticias;0,0;0,0;0,0;0,0;0,0;0,0;0,0;0,0;0,0;0,0;0,0;0,0
(Ingresos) Perdida en inversiones de capital;769000000,0;489000000,0;835000000,0;1071000000,0;1008000000,0;1049000000,0;978000000,0;1438000000,0;1472000000,0;1691000000,0;1770000000,0;2031000000,0
Compensacion de stock options;209000000,0;236000000,0;258000000,0;219000000,0;225000000,0;201000000,0;126000000,0;337000000,0;356000000,0;254000000,0;286000000,0;279000000,0
Beneficio fiscal de las opciones sobre acciones;0,0;0,0;0,0;0,0;0,0;0,0;0,0;0,0;0,0;0,0;0,0;0,0
Provision y cancelacion de deudas incobrables;0,0;0,0;0,0;0,0;0,0;0,0;0,0;0,0;0,0;0,0;0,0;0,0
Efectivo neto de operaciones discontinuadas;0,0;0,0;0,0;0,0;0,0;0,0;0,0;0,0;0,0;0,0;0,0;0,0
Otras actividades operativas;0,0;0,0;0,0;0,0;0,0;0,0;0,0;506000000,0;1086000000,0;1741000000,0;4000000000,0;1052000000,0
Cambio en cuentas por cobrar;253000000,0;212000000,0;28000000,0;141000000,0;-27000000,0;158000000,0;-882000000,0;225000000,0;69000000,0;2000000,0;295000000,0;-334000000,0
Cambio en inventarios;-35000000,0;250000000,0;142000000,0;355000000,0;203000000,0;183000000,0;-99000000,0;135000000,0;960000000,0;597000000,0;520000000,0;154000000,0
Cambio en cuentas por pagar;0,0;0,0;0,0;0,0;0,0;0,0;0,0;0,0;0,0;0,0;0,0;0,0
Cambio en los ingresos no devengados;0,0;0,0;0,0;0,0;0,0;0,0;0,0;0,0;0,0;0,0;0,0;0,0
Cambio de impuestos sobre la renta;0,0;0,0;0,0;0,0;0,0;0,0;0,0;0,0;0,0;0,0;0,0;0,0
Efectivo de Operaciones;10615000000,0;10528000000,0;8796000000,0;6995000000,0;7627000000,0;10471000000,0;9844000000,0;12625000000,0;11018000000,0;11599000000,0;6805000000,0;7408000000,0
Gastos de capital;2406000000,0;2553000000,0;2262000000,0;1675000000,0;1548000000,0;2054000000,0;1177000000,0;1367000000,0;1484000000,0;1852000000,0;2064000000,0;2112000000,0
Venta de inmobilizado material;223000000,0;85000000,0;150000000,0;104000000,0;248000000,0;978000000,0;189000000,0;108000000,0;75000000,0;74000000,0;40000000,0;13000000,0
Adquisiciones con efectivo;0,0;0,0;0,0;0,0;0,0;0,0;0,0;0,0;0,0;0,0;0,0;0,0
Desinversiones;0,0;0,0;0,0;0,0;0,0;0,0;0,0;0,0;0,0;0,0;0,0;0,0
Inversion en valores negociables y de renta variable;0,0;0,0;0,0;0,0;0,0;0,0;0,0;0,0;0,0;0,0;0,0;0,0
Efectivo de la inversion;-7506000000,0;-6186000000,0;-999000000,0;-2385000000,0;5927000000,0;-3976000000,0;-1477000000,0;-2765000000,0;-763000000,0;-3349000000,0;2524000000,0;-67000000,0
Deuda total emitida;41674000000,0;40434000000,0;27281000000,0;29857000000,0;27605000000,0;23009000000,0;26934000000,0;13094000000,0;3972000000,0;6891000000,0;12061000000,0;4980000000,0
Total de la deuda reembolsada;36962000000,0;37738000000,0;25615000000,0;28768000000,0;30600000000,0;24850000000,0;28796000000,0;12866000000,0;4930000000,0;5034000000,0;0,0;0,0
Emision de acciones ordinarias;1532000000,0;1245000000,0;1434000000,0;1595000000,0;1476000000,0;1012000000,0;647000000,0;702000000,0;837000000,0;539000000,0;747000000,0;313000000,0
Recompra de acciones comunes;4162000000,0;3564000000,0;3681000000,0;3682000000,0;1912000000,0;1103000000,0;118000000,0;111000000,0;1418000000,0;2289000000,0;1795000000,0;746000000,0
Emision de acciones preferentes;0,0;0,0;0,0;0,0;0,0;0,0;0,0;0,0;0,0;0,0;0,0;0,0
Dividendos comunes pagados;5350000000,0;5741000000,0;6043000000,0;6320000000,0;6644000000,0;6845000000,0;7047000000,0;7252000000,0;7616000000,0;7952000000,0;8359000000,0;8779000000,0
Dividendos preferenciales pagados;0,0;0,0;0,0;0,0;0,0;0,0;0,0;0,0;0,0;0,0;0,0;0,0
Dividendos de acciones comunes y preferentes pagados;5350000000,0;5741000000,0;6043000000,0;6320000000,0;6644000000,0;6845000000,0;7047000000,0;7252000000,0;7616000000,0;7952000000,0;8359000000,0;8779000000,0
Efectivo de Financiamiento;-3631000000,0;-5113000000,0;-6545000000,0;-7409000000,0;-10347000000,0;-9004000000,0;-8070000000,0;-6786000000,0;-10250000000,0;-8310000000,0;-6910000000,0;-8140000000,0
Ajustes del tipo de cambio de divisas;-934000000,0;-878000000,0;-6000000,0;242000000,0;-262000000,0;-72000000,0;76000000,0;-159000000,0;0,0;0,0;0,0;0,0
Cambio neto en efectivo;-1456000000,0;-1649000000,0;1246000000,0;-2549000000,0;0,0;0,0;0,0;0,0;0,0;0,0;0,0;0,0
Intereses en efectivo pagados;498000000,0;515000000,0;663000000,0;757000000,0;903000000,0;921000000,0;935000000,0;738000000,0;848000000,0;1415000000,0;1669000000,0;1724000000,0
Impuestos en efectivo pagados;1926000000,0;2357000000,0;1554000000,0;1904000000,0;2120000000,0;2126000000,0;1268000000,0;2168000000,0;2403000000,0;2580000000,0;3262000000,0;2873000000,0
Deuda total;45177000000,0;46698000000,0;49068000000,0;50709000000,0;48445000000,0;46029000000,0;43278000000,0;44099000000,0;39548000000,0;43676000000,0;44162000000,0;45436000000,0
Flujo de caja libre;8209000000,0;7975000000,0;6534000000,0;5320000000,0;6079000000,0;8417000000,0;8667000000,0;11258000000,0;9534000000,0;9747000000,0;4741000000,0;5296000000,0
