;2015;2016;2017;2018;2019;2020;2021;2022;2023;2024;2025;2026
Ingresos;93580000000,0;85320000000,0;89950000000,0;0,0;0,0;0,0;0,0;0,0;0,0;0,0;0,0;0,0
Ingresos financieros;0,0;0,0;0,0;0,0;0,0;0,0;0,0;0,0;0,0;0,0;0,0;0,0
Ingresos de la division de seguros;0,0;0,0;0,0;0,0;0,0;0,0;0,0;0,0;0,0;0,0;0,0;0,0
Ganancia (perdida) en la venta de activos (Rev);0,0;0,0;0,0;0,0;0,0;0,0;0,0;0,0;0,0;0,0;0,0;0,0
Ganancia (perdida) en venta de inversion (Rev);0,0;0,0;0,0;0,0;0,0;0,0;0,0;0,0;0,0;0,0;0,0;0,0
Intereses e ingresos de inversiones;766000000,0;903000000,0;1387000000,0;2214000000,0;2762000000,0;2680000000,0;2131000000,0;2094000000,0;2994000000,0;3157000000,0;2647000000,0;3301000000,0
Otros ingresos;346000000,0;-431000000,0;823000000,0;1416000000,0;729000000,0;77000000,0;1186000000,0;333000000,0;788000000,0;-1646000000,0;-4901000000,0;10697000000,0
Ingresos totales;93580000000,0;85320000000,0;89950000000,0;110360000000,0;125843000000,0;143015000000,0;168088000000,0;198270000000,0;211915000000,0;245122000000,0;281724000000,0;331839000000,0
Coste de los bienes vendidos;33038000000,0;32780000000,0;34261000000,0;38353000000,0;42910000000,0;46078000000,0;52232000000,0;62650000000,0;65863000000,0;74114000000,0;87831000000,0;106374000000,0
Gastos financieros operativos;0,0;0,0;0,0;0,0;0,0;0,0;0,0;0,0;0,0;0,0;0,0;0,0
Gastos operativos de la division de seguros;0,0;0,0;0,0;0,0;0,0;0,0;0,0;0,0;0,0;0,0;0,0;0,0
Gastos por intereses - Division de finanzas;781000000,0;1243000000,0;2222000000,0;2733000000,0;2686000000,0;2591000000,0;2346000000,0;2063000000,0;1968000000,0;2935000000,0;0,0;0,0
Beneficio bruto;60542000000,0;52540000000,0;55689000000,0;72007000000,0;82933000000,0;96937000000,0;115856000000,0;135620000000,0;146052000000,0;171008000000,0;193893000000,0;225465000000,0
Gastos de venta generales y administrativos;15713000000,0;14697000000,0;15539000000,0;17469000000,0;18213000000,0;19598000000,0;20117000000,0;21825000000,0;22759000000,0;24456000000,0;25654000000,0;26710000000,0
Gastos de exploracion / perforacion;0,0;0,0;0,0;0,0;0,0;0,0;0,0;0,0;0,0;0,0;0,0;0,0
Provision para deudas incobrables;7498000000,0;630000000,0;0,0;0,0;0,0;0,0;0,0;0,0;0,0;0,0;0,0;0,0
Gastos de pre-apertura;0,0;0,0;0,0;0,0;0,0;0,0;0,0;0,0;0,0;0,0;0,0;0,0
Gastos de I + D;12046000000,0;11988000000,0;13037000000,0;14726000000,0;16876000000,0;19269000000,0;20716000000,0;24512000000,0;27195000000,0;29510000000,0;32488000000,0;35562000000,0
Deterioro del petroleo, gas y propiedades minerales;0,0;0,0;0,0;0,0;0,0;0,0;0,0;0,0;0,0;0,0;0,0;0,0
Otros gastos operacionales;0,0;0,0;0,0;0,0;0,0;0,0;0,0;0,0;0,0;0,0;0,0;0,0
Gastos operativos totales;42381000000,0;26685000000,0;28576000000,0;32195000000,0;35089000000,0;38867000000,0;40833000000,0;46337000000,0;49954000000,0;53966000000,0;65365000000,0;70228000000,0
Beneficio operativo;18161000000,0;20182000000,0;22326000000,0;35058000000,0;42959000000,0;52959000000,0;69916000000,0;83383000000,0;88523000000,0;109433000000,0;128528000000,0;155237000000,0
Gastos por intereses;781000000,0;1243000000,0;2222000000,0;2733000000,0;2686000000,0;2591000000,0;2346000000,0;2063000000,0;1968000000,0;2935000000,0;0,0;0,0
Ingresos por intereses e inversiones;766000000,0;903000000,0;1387000000,0;2214000000,0;2762000000,0;2680000000,0;2131000000,0;2094000000,0;2994000000,0;3157000000,0;2647000000,0;3301000000,0
Ingresos (perdidas) sobre capital invertido.;0,0;0,0;0,0;0,0;0,0;0,0;0,0;0,0;0,0;0,0;0,0;0,0
Ganancias (perdidas) cambiarias;335000000,0;-121000000,0;-164000000,0;-218000000,0;-82000000,0;-191000000,0;54000000,0;-75000000,0;181000000,0;-244000000,0;171000000,0;-527000000,0
Otros ingresos (gastos) no operativos;-267000000,0;-195000000,0;-251000000,0;-59000000,0;-57000000,0;-40000000,0;98000000,0;-32000000,0;-223000000,0;-1319000000,0;-4725000000,0;4722000000,0
EBT excl. Articulos inusuales;18507000000,0;19751000000,0;23149000000,0;36474000000,0;43688000000,0;53036000000,0;71102000000,0;0,0;0,0;0,0;0,0;0,0
Cargos de fusion y reestructuracion;2078000000,0;501000000,0;306000000,0;0,0;0,0;0,0;0,0;0,0;0,0;0,0;0,0;0,0
Deterioro del fondo de comercio;0,0;0,0;0,0;0,0;0,0;0,0;0,0;0,0;0,0;0,0;0,0;0,0
Gain (Loss) On Sale Of Investments;0,0;0,0;0,0;0,0;0,0;0,0;0,0;0,0;0,0;0,0;0,0;0,0
Ganancia (perdida) en la venta de activos;0,0;0,0;0,0;0,0;0,0;0,0;0,0;0,0;0,0;0,0;0,0;0,0
Devaluacion de activos;7498000000,0;630000000,0;0,0;0,0;0,0;0,0;0,0;0,0;0,0;0,0;0,0;0,0
Gastos de I + D en proceso;0,0;0,0;0,0;0,0;0,0;0,0;0,0;0,0;0,0;0,0;0,0;0,0
Liquidaciones de seguros;0,0;0,0;0,0;0,0;0,0;0,0;0,0;0,0;0,0;0,0;0,0;0,0
Acuerdos legales;0,0;0,0;0,0;0,0;0,0;0,0;0,0;0,0;0,0;0,0;0,0;0,0
Otros articulos inusuales;0,0;0,0;0,0;0,0;0,0;0,0;0,0;0,0;0,0;0,0;0,0;0,0
EBT incl. Articulos extraordinarios;7363000000,0;-325000000,0;453000000,0;11527000000,0;15799000000,0;24116000000,0;34972000000,0;83716000000,0;89311000000,0;107787000000,0;123627000000,0;165934000000,0
Gastos de impuestos;6314000000,0;2953000000,0;1945000000,0;19903000000,0;4448000000,0;8755000000,0;9831000000,0;10978000000,0;16950000000,0;19651000000,0;21795000000,0;32185000000,0
Beneficios por operaciones continuadas;0,0;0,0;0,0;0,0;0,0;0,0;0,0;0,0;0,0;0,0;0,0;0,0
Beneficios por operaciones discontinuadas;0,0;0,0;0,0;0,0;0,0;0,0;0,0;0,0;0,0;0,0;0,0;0,0
Articulo extraordinario y cambio contable;0,0;0,0;0,0;0,0;0,0;0,0;0,0;0,0;0,0;0,0;0,0;0,0
Beneficio neto de la empresa;12193000000,0;16798000000,0;21204000000,0;16571000000,0;39240000000,0;44281000000,0;61271000000,0;72738000000,0;72361000000,0;88136000000,0;101832000000,0;133749000000,0
Dividendo preferente y otros ajustes;0,0;0,0;0,0;0,0;0,0;0,0;0,0;0,0;0,0;0,0;0,0;0,0
Beneficio neto a acciones comunes incluidos extradordinarios;0,0;0,0;0,0;0,0;0,0;0,0;0,0;0,0;0,0;0,0;0,0;0,0
Beneficio neto a acciones comunes excluidos extradordinarios;0,0;0,0;0,0;0,0;0,0;0,0;0,0;0,0;0,0;0,0;0,0;0,0
BPA diluido sin extraordinarios;1,48;2,1;2,71;2,13;5,06;5,76;8,05;9,65;9,68;11,8;13,64;17,95
Promedio ponderado de acciones diluidas en circulacion;8254000000,0;8013000000,0;7832000000,0;7794000000,0;7753000000,0;7683000000,0;7608000000,0;7540000000,0;7472000000,0;7469000000,0;7465000000,0;7453000000,0
Promedio ponderado de acciones basicas en circulacion;8177000000,0;7925000000,0;7746000000,0;7700000000,0;7673000000,0;7610000000,0;7547000000,0;7496000000,0;7446000000,0;7431000000,0;7433000000,0;7429000000,0
Total de acciones fuera. en la fecha de presentacion;7997980969,0;7792515573,0;7702243979,0;7668217316,0;7635409400,0;7567652935,0;7514891248,0;7457891872,0;7429763722,0;7433038381,0;7433166379,0;7425545491,0
Dividendo por accion;1,24;1,44;1,56;1,68;1,84;2,04;2,24;2,48;2,72;3,0;3,32;3,64
Dividendo especial por accion;0,0;0,0;0,0;0,0;0,0;0,0;0,0;0,0;0,0;0,0;0,0;0,0
BPA basico;1,49;2,12;2,74;2,15;5,11;5,82;8,12;9,7;9,72;11,86;13,7;18,0
FFO;0,0;0,0;0,0;0,0;0,0;0,0;0,0;0,0;0,0;0,0;0,0;0,0
EBITDA;19288000000,0;20994000000,0;25371000000,0;39207000000,0;46374000000,0;55627000000,0;73448000000,0;85779000000,0;91279000000,0;110722000000,0;123627000000,0;165934000000,0
EBITDAR;0,0;0,0;0,0;0,0;0,0;0,0;0,0;0,0;0,0;0,0;0,0;0,0
Gasto en I + D ;12046000000,0;11988000000,0;13037000000,0;14726000000,0;16876000000,0;19269000000,0;20716000000,0;24512000000,0;27195000000,0;29510000000,0;32488000000,0;35562000000,0
Gastos de venta y marketing;15713000000,0;14697000000,0;15539000000,0;17469000000,0;18213000000,0;19598000000,0;20117000000,0;21825000000,0;22759000000,0;24456000000,0;25654000000,0;26710000000,0
Gastos generales y administrativos;4611000000,0;4563000000,0;4481000000,0;4754000000,0;4885000000,0;5111000000,0;5107000000,0;5900000000,0;7575000000,0;7609000000,0;7223000000,0;7956000000,0
Efectivo distribuible por accion (diluido);0,0;0,0;0,0;0,0;0,0;0,0;0,0;0,0;0,0;0,0;0,0;0,0
Distribuciones anualizadas por unidad;0,0;0,0;0,0;0,0;0,0;0,0;0,0;0,0;0,0;0,0;0,0;0,0
Efectivo y equivalentes;5595000000,0;6510000000,0;7663000000,0;11946000000,0;11356000000,0;13576000000,0;14224000000,0;13931000000,0;34704000000,0;18315000000,0;30242000000,0;20935000000,0
Inversiones a corto plazo;90931000000,0;106730000000,0;125318000000,0;121822000000,0;122463000000,0;122951000000,0;116110000000,0;90826000000,0;76558000000,0;57228000000,0;64323000000,0;55908000000,0
Activos financieros para vender;90931000000,0;106730000000,0;125318000000,0;121822000000,0;0,0;0,0;0,0;0,0;0,0;0,0;0,0;0,0
Efectivo total e inversiones a corto plazo;96526000000,0;113240000000,0;132981000000,0;133768000000,0;133819000000,0;136527000000,0;130334000000,0;104757000000,0;111262000000,0;75543000000,0;94565000000,0;76843000000,0
Cuentas por cobrar;17908000000,0;18277000000,0;19792000000,0;26481000000,0;29524000000,0;32011000000,0;38043000000,0;44261000000,0;48688000000,0;56924000000,0;69905000000,0;80876000000,0
Otros por cobrar;0,0;0,0;0,0;0,0;0,0;0,0;0,0;0,0;0,0;0,0;0,0;0,0
Notas por cobrar;0,0;0,0;0,0;0,0;0,0;0,0;0,0;0,0;0,0;0,0;0,0;0,0
Total de cuentas por cobrar;17908000000,0;18277000000,0;19792000000,0;26481000000,0;29524000000,0;32011000000,0;38043000000,0;44261000000,0;48688000000,0;56924000000,0;69905000000,0;80876000000,0
Inventario;2902000000,0;2251000000,0;2181000000,0;2662000000,0;2063000000,0;1895000000,0;2636000000,0;3742000000,0;2500000000,0;1246000000,0;938000000,0;1397000000,0
Gastos pagados por anticipado;0,0;0,0;0,0;0,0;0,0;0,0;0,0;0,0;0,0;0,0;0,0;0,0
Prestamos y arrendamientos de la division de finanzas al corriente;0,0;0,0;0,0;0,0;0,0;0,0;0,0;0,0;0,0;0,0;0,0;0,0
Division de Finanzas Otros Activos Circulantes;5461000000,0;5892000000,0;4897000000,0;6751000000,0;10146000000,0;11482000000,0;13393000000,0;16924000000,0;21807000000,0;26021000000,0;25723000000,0;48594000000,0
Prestamos mantenidos para la venta;0,0;0,0;0,0;0,0;0,0;0,0;0,0;0,0;0,0;0,0;0,0;0,0
Activos por impuestos diferidos Corrientes;0,0;0,0;0,0;0,0;0,0;0,0;0,0;0,0;0,0;0,0;0,0;0,0
Efectivo restringido;0,0;0,0;0,0;0,0;0,0;0,0;0,0;0,0;0,0;0,0;0,0;0,0
Otro activo corriente;5461000000,0;5892000000,0;4897000000,0;6751000000,0;10146000000,0;11482000000,0;13393000000,0;16924000000,0;21807000000,0;26021000000,0;25723000000,0;48594000000,0
Total de activo corriente;124712000000,0;139660000000,0;159851000000,0;169662000000,0;175552000000,0;181915000000,0;184406000000,0;169684000000,0;184257000000,0;159734000000,0;191131000000,0;207710000000,0
Inmobilizado material bruto;32337000000,0;38156000000,0;47913000000,0;58683000000,0;71807000000,0;87348000000,0;111066000000,0;134058000000,0;163892000000,0;212012000000,0;298619000000,0;431767000000,0
Depreciacion acumulada;17606000000,0;19800000000,0;24179000000,0;29223000000,0;35330000000,0;43197000000,0;51351000000,0;59660000000,0;68251000000,0;76421000000,0;93653000000,0;118691000000,0
Inmobilizado material neto;14731000000,0;18356000000,0;23734000000,0;29460000000,0;36477000000,0;44151000000,0;59715000000,0;74398000000,0;95641000000,0;135591000000,0;204966000000,0;313076000000,0
Inversiones a largo plazo;12053000000,0;10431000000,0;6023000000,0;1862000000,0;2649000000,0;2965000000,0;5984000000,0;6891000000,0;9879000000,0;14600000000,0;15405000000,0;36348000000,0
Fondo de comercio;16939000000,0;17872000000,0;35122000000,0;35683000000,0;42026000000,0;43351000000,0;49711000000,0;67524000000,0;67886000000,0;119220000000,0;119509000000,0;119651000000,0
Otros intangibles;0,0;0,0;0,0;0,0;0,0;0,0;0,0;0,0;0,0;0,0;0,0;0,0
Division de Finanzas Prestamos y Arrendamientos a Largo Plazo;0,0;0,0;0,0;0,0;0,0;0,0;0,0;0,0;0,0;0,0;0,0;0,0
Division financiera Otros activos a largo plazo;2953000000,0;3642000000,0;6250000000,0;7442000000,0;14723000000,0;13138000000,0;15075000000,0;21897000000,0;30601000000,0;36460000000,0;40565000000,0;38805000000,0
Cuentas por cobrar a largo plazo;0,0;0,0;0,0;1800000000,0;2200000000,0;2700000000,0;3400000000,0;3800000000,0;4500000000,0;4900000000,0;5200000000,0;5500000000,0
Prestamos por cobrar a largo plazo;0,0;0,0;0,0;0,0;0,0;0,0;0,0;0,0;0,0;0,0;0,0;0,0
Activos por impuestos diferidos a largo plazo;3150000000,0;3149000000,0;6023000000,0;2882000000,0;12479000000,0;14585000000,0;17391000000,0;22559000000,0;29911000000,0;32099000000,0;45943000000,0;54729000000,0
Cargos diferidos a largo plazo;0,0;0,0;0,0;0,0;0,0;0,0;0,0;0,0;0,0;0,0;0,0;0,0
Otros activos a largo plazo;2953000000,0;3642000000,0;6250000000,0;7442000000,0;14723000000,0;13138000000,0;15075000000,0;21897000000,0;30601000000,0;36460000000,0;40565000000,0;38805000000,0
Activo total;176223000000,0;193694000000,0;241086000000,0;258848000000,0;286556000000,0;301311000000,0;333779000000,0;364840000000,0;411976000000,0;512163000000,0;619003000000,0;758376000000,0
Cuentas por pagar;6591000000,0;6898000000,0;7390000000,0;8617000000,0;9382000000,0;12530000000,0;15163000000,0;19000000000,0;18095000000,0;21996000000,0;27724000000,0;42416000000,0
Gastos devengados;0,0;0,0;0,0;0,0;0,0;0,0;0,0;0,0;0,0;0,0;0,0;0,0
Prestamos de corto plazo;4985000000,0;12904000000,0;9072000000,0;0,0;0,0;0,0;0,0;0,0;0,0;6693000000,0;0,0;0,0
Porcion corriente de la deuda a largo plazo;2499000000,0;0,0;1049000000,0;3998000000,0;5516000000,0;3749000000,0;8072000000,0;2749000000,0;5247000000,0;2249000000,0;2999000000,0;9227000000,0
Porcion corriente de las obligaciones de arrendamiento financiero;0,0;0,0;0,0;0,0;0,0;0,0;0,0;0,0;0,0;0,0;0,0;0,0
Deuda corriente de la Division de Finanzas;0,0;0,0;0,0;0,0;0,0;0,0;0,0;0,0;0,0;0,0;0,0;0,0
Otros Pasivos Corrientes de la Division de Finanzas;6766000000,0;5949000000,0;6280000000,0;8744000000,0;9351000000,0;10027000000,0;11666000000,0;13067000000,0;14745000000,0;19185000000,0;25020000000,0;26738000000,0
Impuestos sobre la renta actuales por pagar;606000000,0;580000000,0;718000000,0;2121000000,0;5665000000,0;2130000000,0;2174000000,0;4067000000,0;4152000000,0;5017000000,0;7211000000,0;2534000000,0
Unearned Revenue Current;23223000000,0;27468000000,0;34102000000,0;32720000000,0;37206000000,0;39180000000,0;44141000000,0;48408000000,0;53813000000,0;60184000000,0;67265000000,0;75712000000,0
Pasivo por impuestos diferidos Corriente;0,0;0,0;0,0;0,0;0,0;0,0;0,0;0,0;0,0;0,0;0,0;0,0
Otros pasivos corrientes;6766000000,0;5949000000,0;6280000000,0;8744000000,0;9351000000,0;10027000000,0;11666000000,0;13067000000,0;14745000000,0;19185000000,0;25020000000,0;26738000000,0
Total pasivo corriente;49858000000,0;59357000000,0;64527000000,0;58488000000,0;69420000000,0;72310000000,0;88657000000,0;95082000000,0;104149000000,0;125286000000,0;141218000000,0;168825000000,0
Deuda a largo plazo;30300000000,0;40800000000,0;77100000000,0;76200000000,0;72200000000,0;63327000000,0;58146000000,0;49781000000,0;47237000000,0;44937000000,0;43151000000,0;40294000000,0
Arrendamientos de capitales;0,0;0,0;0,0;5568000000,0;6188000000,0;7671000000,0;9629000000,0;11489000000,0;12728000000,0;15497000000,0;17437000000,0;16532000000,0
Deuda No Corriente de la Division de Finanzas;30300000000,0;40800000000,0;77100000000,0;76200000000,0;72200000000,0;63327000000,0;58146000000,0;49781000000,0;47237000000,0;44937000000,0;43151000000,0;40294000000,0
Otro Pasivo No Corriente de la Division de Finanzas;13544000000,0;13640000000,0;17184000000,0;5211000000,0;7581000000,0;10632000000,0;13427000000,0;15526000000,0;17981000000,0;27064000000,0;45186000000,0;65117000000,0
Ingresos no devengados no corrientes;2095000000,0;6441000000,0;10377000000,0;3815000000,0;4530000000,0;3180000000,0;2616000000,0;2870000000,0;2912000000,0;2602000000,0;2710000000,0;2747000000,0
Pension y otros beneficios posteriores a la jubilacion;0,0;0,0;0,0;0,0;0,0;0,0;0,0;0,0;0,0;0,0;0,0;0,0
Pasivo por impuesto diferido no corriente;2835000000,0;1476000000,0;531000000,0;541000000,0;233000000,0;0,0;0,0;0,0;0,0;0,0;0,0;0,0
Otro pasivo no corrientes;13544000000,0;13640000000,0;17184000000,0;5211000000,0;7581000000,0;10632000000,0;13427000000,0;15526000000,0;17981000000,0;27064000000,0;45186000000,0;65117000000,0
Pasivo Total;96140000000,0;121697000000,0;168692000000,0;176130000000,0;184226000000,0;183007000000,0;191791000000,0;198298000000,0;205753000000,0;243686000000,0;275524000000,0;315989000000,0
Acciones preferentes reembolsables;0,0;0,0;0,0;0,0;0,0;0,0;0,0;0,0;0,0;0,0;0,0;0,0
Acciones preferentes no reembolsables;0,0;0,0;0,0;0,0;0,0;0,0;0,0;0,0;0,0;0,0;0,0;0,0
Acciones preferentes convertibles;0,0;0,0;0,0;0,0;0,0;0,0;0,0;0,0;0,0;0,0;0,0;0,0
Total preferentes;0,0;0,0;0,0;0,0;0,0;0,0;0,0;0,0;0,0;0,0;0,0;0,0
Acciones comunes;0,0;0,0;0,0;0,0;0,0;0,0;0,0;0,0;0,0;0,0;0,0;0,0
Prima de suscripcion;0,0;0,0;0,0;0,0;0,0;0,0;0,0;0,0;0,0;0,0;0,0;0,0
Beneficio no distribuido;9096000000,0;2282000000,0;2648000000,0;13682000000,0;24150000000,0;34566000000,0;57055000000,0;84281000000,0;118848000000,0;173144000000,0;237731000000,0;328265000000,0
Autocartera;0,0;0,0;0,0;0,0;0,0;0,0;0,0;0,0;0,0;0,0;0,0;0,0
Resultado integral y otros;2522000000,0;1537000000,0;431000000,0;-2187000000,0;-340000000,0;3186000000,0;1822000000,0;-4678000000,0;-6343000000,0;-5590000000,0;-3347000000,0;-3284000000,0
Patrimonio neto comun total;80083000000,0;71997000000,0;72394000000,0;82718000000,0;102330000000,0;118304000000,0;141988000000,0;166542000000,0;206223000000,0;268477000000,0;343479000000,0;442387000000,0
Intereses minoritario;0,0;0,0;0,0;0,0;0,0;0,0;0,0;0,0;0,0;0,0;0,0;0,0
Fondos propios totales;80083000000,0;71997000000,0;72394000000,0;82718000000,0;102330000000,0;118304000000,0;141988000000,0;166542000000,0;206223000000,0;268477000000,0;343479000000,0;442387000000,0
Pasivo total y patrimonio neto;176223000000,0;193694000000,0;241086000000,0;258848000000,0;286556000000,0;301311000000,0;333779000000,0;364840000000,0;411976000000,0;512163000000,0;619003000000,0;758376000000,0
Inversiones por metodo de participacion;0,0;0,0;0,0;0,0;0,0;0,0;0,0;0,0;0,0;0,0;6000000000,0;12000000000,0
Terrenos;769000000,0;824000000,0;1107000000,0;1254000000,0;1540000000,0;1823000000,0;3660000000,0;4734000000,0;5683000000,0;8163000000,0;9338000000,0;10546000000,0
Edificios;10800000000,0;12393000000,0;16284000000,0;20604000000,0;26288000000,0;33995000000,0;43928000000,0;55014000000,0;68465000000,0;93943000000,0;137921000000,0;182749000000,0
Construccion en progreso;0,0;0,0;0,0;0,0;0,0;0,0;0,0;0,0;0,0;0,0;0,0;0,0
Empleados a tiempo completo;0,0;0,0;0,0;0,0;0,0;0,0;0,0;0,0;0,0;0,0;0,0;0,0
Beneficio netos;12193000000,0;16798000000,0;21204000000,0;16571000000,0;39240000000,0;44281000000,0;61271000000,0;72738000000,0;72361000000,0;88136000000,0;101832000000,0;133749000000,0
Amortizacion de fondos de comercio y activos intangibles;1300000000,0;978000000,0;1700000000,0;2200000000,0;1900000000,0;1600000000,0;1600000000,0;2000000000,0;2500000000,0;4800000000,0;6000000000,0;4700000000,0
Depreciacion y amortizacion total;0,0;0,0;0,0;0,0;0,0;0,0;0,0;0,0;0,0;0,0;0,0;0,0
Amortizacion de cargos diferidos;0,0;0,0;0,0;0,0;0,0;0,0;0,0;0,0;0,0;0,0;0,0;0,0
Interes minoritario en las ganancias;0,0;0,0;0,0;0,0;0,0;0,0;0,0;0,0;0,0;0,0;0,0;0,0
(Ganancia) Perdida por venta de activos;0,0;0,0;0,0;0,0;0,0;0,0;0,0;0,0;0,0;0,0;0,0;0,0
(Ganancia) Perdida por venta de inversiones;0,0;0,0;0,0;0,0;0,0;0,0;0,0;0,0;0,0;0,0;0,0;0,0
Deterioro de actiovs y costes de reestructuracion;0,0;0,0;0,0;0,0;0,0;0,0;0,0;0,0;0,0;0,0;0,0;0,0
Provision para perdidas crediticias;0,0;0,0;0,0;0,0;0,0;0,0;0,0;0,0;0,0;0,0;0,0;0,0
(Ingresos) Perdida en inversiones de capital;0,0;0,0;0,0;0,0;0,0;0,0;0,0;0,0;0,0;0,0;0,0;0,0
Compensacion de stock options;2574000000,0;2668000000,0;3266000000,0;3940000000,0;4652000000,0;5289000000,0;6118000000,0;7502000000,0;9611000000,0;10734000000,0;11974000000,0;12405000000,0
Beneficio fiscal de las opciones sobre acciones;0,0;0,0;0,0;0,0;0,0;0,0;0,0;0,0;0,0;0,0;0,0;0,0
Provision y cancelacion de deudas incobrables;0,0;0,0;0,0;0,0;0,0;0,0;0,0;0,0;0,0;0,0;0,0;0,0
Efectivo neto de operaciones discontinuadas;0,0;0,0;0,0;0,0;0,0;0,0;0,0;0,0;0,0;0,0;0,0;0,0
Otras actividades operativas;0,0;0,0;0,0;0,0;0,0;0,0;0,0;0,0;0,0;0,0;0,0;0,0
Cambio en cuentas por cobrar;-1456000000,0;530000000,0;925000000,0;3862000000,0;2812000000,0;2577000000,0;6481000000,0;6834000000,0;4087000000,0;7191000000,0;10581000000,0;12737000000,0
Cambio en inventarios;272000000,0;-600000000,0;-50000000,0;465000000,0;-597000000,0;-168000000,0;737000000,0;1123000000,0;-1242000000,0;-1284000000,0;-309000000,0;461000000,0
Cambio en cuentas por pagar;-1054000000,0;88000000,0;81000000,0;1148000000,0;232000000,0;3018000000,0;2798000000,0;2943000000,0;-2721000000,0;3545000000,0;569000000,0;5268000000,0
Cambio en los ingresos no devengados;45072000000,0;57072000000,0;67711000000,0;0,0;0,0;0,0;0,0;0,0;0,0;0,0;0,0;0,0
Cambio de impuestos sobre la renta;0,0;0,0;0,0;0,0;0,0;0,0;0,0;0,0;0,0;0,0;0,0;0,0
Efectivo de Operaciones;0,0;0,0;0,0;43884000000,0;52185000000,0;60675000000,0;76740000000,0;89035000000,0;87582000000,0;118548000000,0;136162000000,0;182935000000,0
Gastos de capital;5944000000,0;8343000000,0;8129000000,0;11632000000,0;13925000000,0;15441000000,0;20622000000,0;23886000000,0;28107000000,0;44477000000,0;64551000000,0;115948000000,0
Venta de inmobilizado material;0,0;0,0;0,0;0,0;0,0;0,0;0,0;0,0;0,0;0,0;0,0;0,0
Adquisiciones con efectivo;0,0;0,0;0,0;0,0;0,0;0,0;0,0;0,0;0,0;0,0;0,0;0,0
Desinversiones;0,0;0,0;0,0;0,0;0,0;0,0;0,0;0,0;0,0;0,0;0,0;0,0
Inversion en valores negociables y de renta variable;0,0;0,0;0,0;0,0;0,0;0,0;0,0;0,0;0,0;0,0;0,0;0,0
Efectivo de la inversion;0,0;0,0;0,0;-6061000000,0;-15773000000,0;-12223000000,0;-27577000000,0;-30311000000,0;-22680000000,0;-96970000000,0;-72599000000,0;-139500000000,0
Deuda total emitida;0,0;0,0;0,0;0,0;0,0;0,0;0,0;0,0;0,0;0,0;0,0;0,0
Total de la deuda reembolsada;0,0;0,0;0,0;0,0;0,0;0,0;0,0;0,0;0,0;0,0;0,0;0,0
Emision de acciones ordinarias;634000000,0;668000000,0;772000000,0;1002000000,0;1142000000,0;1343000000,0;1693000000,0;1841000000,0;1866000000,0;2002000000,0;2056000000,0;2009000000,0
Recompra de acciones comunes;14443000000,0;15969000000,0;11788000000,0;10721000000,0;19543000000,0;22968000000,0;27385000000,0;32696000000,0;22245000000,0;17254000000,0;18420000000,0;22271000000,0
Emision de acciones preferentes;0,0;0,0;0,0;0,0;0,0;0,0;0,0;0,0;0,0;0,0;0,0;0,0
Dividendos comunes pagados;9882000000,0;11006000000,0;11845000000,0;12699000000,0;13811000000,0;15137000000,0;16521000000,0;18135000000,0;19800000000,0;21771000000,0;24082000000,0;26445000000,0
Dividendos preferenciales pagados;0,0;0,0;0,0;0,0;0,0;0,0;0,0;0,0;0,0;0,0;0,0;0,0
Dividendos de acciones comunes y preferentes pagados;9882000000,0;11006000000,0;11845000000,0;12699000000,0;13811000000,0;15137000000,0;16521000000,0;18135000000,0;19800000000,0;21771000000,0;24082000000,0;26445000000,0
Efectivo de Financiamiento;0,0;0,0;0,0;-33590000000,0;-36887000000,0;-46031000000,0;-48486000000,0;-58876000000,0;-43935000000,0;-37757000000,0;-51699000000,0;-52546000000,0
Ajustes del tipo de cambio de divisas;-73000000,0;-67000000,0;19000000,0;50000000,0;-115000000,0;-201000000,0;-29000000,0;0,0;0,0;0,0;0,0;0,0
Cambio neto en efectivo;-3074000000,0;915000000,0;1153000000,0;4283000000,0;-590000000,0;0,0;0,0;0,0;0,0;0,0;0,0;0,0
Intereses en efectivo pagados;620000000,0;1100000000,0;1600000000,0;2400000000,0;2400000000,0;0,0;2000000000,0;1900000000,0;1700000000,0;1700000000,0;1600000000,0;1500000000,0
Impuestos en efectivo pagados;4400000000,0;3900000000,0;2400000000,0;5500000000,0;8400000000,0;12500000000,0;13400000000,0;16000000000,0;23100000000,0;23400000000,0;28700000000,0;21188000000,0
Deuda total;37784000000,0;53704000000,0;87221000000,0;80198000000,0;77716000000,0;67076000000,0;66218000000,0;52530000000,0;52484000000,0;53879000000,0;46150000000,0;49521000000,0
Flujo de caja libre;-5944000000,0;-8343000000,0;-8129000000,0;32252000000,0;38260000000,0;45234000000,0;56118000000,0;65149000000,0;59475000000,0;74071000000,0;71611000000,0;66987000000,0
